INSERT INTO PROCESS_ORDER_DEFINITION (order_id) VALUES (1010017311);
INSERT INTO PROCESS_ORDER_DEFINITION (order_id) VALUES (1010017312);
INSERT INTO PROCESS_ORDER_DEFINITION (order_id) VALUES (1010017313);
INSERT INTO PROCESS_ORDER_DEFINITION (order_id) VALUES (1010017314);
INSERT INTO PROCESS_ORDER_DEFINITION (order_id) VALUES (1010017315);
INSERT INTO PROCESS_ORDER_DEFINITION (order_id) VALUES (1010017316);
INSERT INTO PROCESS_ORDER_DEFINITION (order_id) VALUES (1010017317);
INSERT INTO PROCESS_ORDER_DEFINITION (order_id) VALUES (1);

INSERT INTO PROCESS_ORDER_ITEM (ID, Description) VALUES (1010014890, 'ORING 013 DWG63597247');
INSERT INTO PROCESS_ORDER_ITEM (ID, Description) VALUES (1010017111, 'ORING 021 DWG63597248');
INSERT INTO PROCESS_ORDER_ITEM (ID, Description) VALUES (1010017112, 'ORING 021 DWG63597249');
INSERT INTO PROCESS_ORDER_ITEM (ID, Description) VALUES (1010017113, 'ORING 021 DWG63597299');

INSERT INTO PROCESS_ORDER_ITEM (ID, Description) VALUES (2, 'ORING 013');
INSERT INTO PROCESS_ORDER_ITEM (ID, Description) VALUES (3, 'ORING 021');
INSERT INTO PROCESS_ORDER_ITEM (ID, Description) VALUES (4, 'ORING 021');
INSERT INTO PROCESS_ORDER_ITEM (ID, Description) VALUES (5, 'ORING 021');

INSERT INTO PROCESS_ORDER_DEFINITION_ITEMS (ITEMS_ID, PROCESS_ORDER_DEFINITION_ORDER_ID) VALUES (1010017111, 1010017311);
INSERT INTO PROCESS_ORDER_DEFINITION_ITEMS (ITEMS_ID, PROCESS_ORDER_DEFINITION_ORDER_ID) VALUES (1010014890, 1010017311);
INSERT INTO PROCESS_ORDER_DEFINITION_ITEMS (ITEMS_ID, PROCESS_ORDER_DEFINITION_ORDER_ID) VALUES (1010017112, 1010017311);
INSERT INTO PROCESS_ORDER_DEFINITION_ITEMS (ITEMS_ID, PROCESS_ORDER_DEFINITION_ORDER_ID) VALUES (1010017113, 1010017311);

INSERT INTO PROCESS_ORDER_DEFINITION_ITEMS (ITEMS_ID, PROCESS_ORDER_DEFINITION_ORDER_ID) VALUES (1010017111, 1010017312);
INSERT INTO PROCESS_ORDER_DEFINITION_ITEMS (ITEMS_ID, PROCESS_ORDER_DEFINITION_ORDER_ID) VALUES (1010014890, 1010017312);
INSERT INTO PROCESS_ORDER_DEFINITION_ITEMS (ITEMS_ID, PROCESS_ORDER_DEFINITION_ORDER_ID) VALUES (1010017112, 1010017312);
INSERT INTO PROCESS_ORDER_DEFINITION_ITEMS (ITEMS_ID, PROCESS_ORDER_DEFINITION_ORDER_ID) VALUES (1010017113, 1010017312);

INSERT INTO PROCESS_ORDER_DEFINITION_ITEMS (ITEMS_ID, PROCESS_ORDER_DEFINITION_ORDER_ID) VALUES (1010017111, 1010017313);
INSERT INTO PROCESS_ORDER_DEFINITION_ITEMS (ITEMS_ID, PROCESS_ORDER_DEFINITION_ORDER_ID) VALUES (1010014890, 1010017313);
INSERT INTO PROCESS_ORDER_DEFINITION_ITEMS (ITEMS_ID, PROCESS_ORDER_DEFINITION_ORDER_ID) VALUES (1010017112, 1010017313);
INSERT INTO PROCESS_ORDER_DEFINITION_ITEMS (ITEMS_ID, PROCESS_ORDER_DEFINITION_ORDER_ID) VALUES (1010017113, 1010017313);

INSERT INTO PROCESS_ORDER_DEFINITION_ITEMS (ITEMS_ID, PROCESS_ORDER_DEFINITION_ORDER_ID) VALUES (1010017111, 1010017314);
INSERT INTO PROCESS_ORDER_DEFINITION_ITEMS (ITEMS_ID, PROCESS_ORDER_DEFINITION_ORDER_ID) VALUES (1010014890, 1010017314);
INSERT INTO PROCESS_ORDER_DEFINITION_ITEMS (ITEMS_ID, PROCESS_ORDER_DEFINITION_ORDER_ID) VALUES (1010017112, 1010017314);
INSERT INTO PROCESS_ORDER_DEFINITION_ITEMS (ITEMS_ID, PROCESS_ORDER_DEFINITION_ORDER_ID) VALUES (1010017113, 1010017314);

INSERT INTO PROCESS_ORDER_DEFINITION_ITEMS (ITEMS_ID, PROCESS_ORDER_DEFINITION_ORDER_ID) VALUES (1010017111, 1010017315);
INSERT INTO PROCESS_ORDER_DEFINITION_ITEMS (ITEMS_ID, PROCESS_ORDER_DEFINITION_ORDER_ID) VALUES (1010014890, 1010017315);
INSERT INTO PROCESS_ORDER_DEFINITION_ITEMS (ITEMS_ID, PROCESS_ORDER_DEFINITION_ORDER_ID) VALUES (1010017112, 1010017315);
INSERT INTO PROCESS_ORDER_DEFINITION_ITEMS (ITEMS_ID, PROCESS_ORDER_DEFINITION_ORDER_ID) VALUES (1010017113, 1010017315);

INSERT INTO PROCESS_ORDER_DEFINITION_ITEMS (ITEMS_ID, PROCESS_ORDER_DEFINITION_ORDER_ID) VALUES (1010017111, 1010017316);
INSERT INTO PROCESS_ORDER_DEFINITION_ITEMS (ITEMS_ID, PROCESS_ORDER_DEFINITION_ORDER_ID) VALUES (1010014890, 1010017316);
INSERT INTO PROCESS_ORDER_DEFINITION_ITEMS (ITEMS_ID, PROCESS_ORDER_DEFINITION_ORDER_ID) VALUES (1010017112, 1010017316);
INSERT INTO PROCESS_ORDER_DEFINITION_ITEMS (ITEMS_ID, PROCESS_ORDER_DEFINITION_ORDER_ID) VALUES (1010017113, 1010017316);

INSERT INTO PROCESS_ORDER_DEFINITION_ITEMS (ITEMS_ID, PROCESS_ORDER_DEFINITION_ORDER_ID) VALUES (1010017111, 1010017317);
INSERT INTO PROCESS_ORDER_DEFINITION_ITEMS (ITEMS_ID, PROCESS_ORDER_DEFINITION_ORDER_ID) VALUES (1010014890, 1010017317);
INSERT INTO PROCESS_ORDER_DEFINITION_ITEMS (ITEMS_ID, PROCESS_ORDER_DEFINITION_ORDER_ID) VALUES (1010017112, 1010017317);
INSERT INTO PROCESS_ORDER_DEFINITION_ITEMS (ITEMS_ID, PROCESS_ORDER_DEFINITION_ORDER_ID) VALUES (1010017113, 1010017317);

INSERT INTO PROCESS_ORDER_DEFINITION_ITEMS (ITEMS_ID, PROCESS_ORDER_DEFINITION_ORDER_ID) VALUES (2, 1);
INSERT INTO PROCESS_ORDER_DEFINITION_ITEMS (ITEMS_ID, PROCESS_ORDER_DEFINITION_ORDER_ID) VALUES (3, 1);
INSERT INTO PROCESS_ORDER_DEFINITION_ITEMS (ITEMS_ID, PROCESS_ORDER_DEFINITION_ORDER_ID) VALUES (4, 1);
INSERT INTO PROCESS_ORDER_DEFINITION_ITEMS (ITEMS_ID, PROCESS_ORDER_DEFINITION_ORDER_ID) VALUES (5, 1);
